{
"lengthUnit": "mil",
"components": {
	"fields": ["COMPONENT_NO", "COMPONENT_NAME", "LAYER", "X_COORDINATE", "Y_COORDINATE", "ANGLE"],
	"rows": [
		[1, "C1", "T", 360, -675, 180],
		[2, "C2", "T", 360, -625, 180],
		[3, "C3", "T", 450, -780, 90],
		[4, "C4", "T", 205, -780, 90],
		[5, "C5", "T", 275, -780, 90],
		[6, "C6", "T", 215, -205, 90],
		[7, "CN1", "B", 665, -615, 90],
		[8, "CN2", "B", 65, -615, 90],
		[9, "H1", "T", 365, -65, 0],
		[10, "H2", "T", 365, -1165, 0],
		[11, "R1", "T", 370, -760, 180],
		[12, "SW1", "T", 370, -955, 0],
		[13, "U1", "T", 365, -455, 0],
		[14, "X1", "T", 240, -680, 0]
	]
},
"pins": {
	"fields": ["PIN_NO", "PIN_NAME", "PIN_X", "PIN_Y", "LAYER", "PIN_TYPE", "NET_NAME", "NET_TYPE", "PAD_SHAPE", "PAD_SIZEX", "PAD_SIZEY", "HOLE_SIZE", "PAD_ANGLE"],
	"rows": [
		[1, "C1_1", 381.46, -675, "T", "SMD", "GND", "GND", "R", 31.11, 21.26, 0, 180],
		[2, "C1_2", 338.54, -675, "T", "SMD", "3V3", "", "R", 31.11, 21.26, 0, 180],
		[3, "C2_1", 381.46, -625, "T", "SMD", "GND", "GND", "R", 31.11, 21.26, 0, 180],
		[4, "C2_2", 338.54, -625, "T", "SMD", "3V3", "", "R", 31.11, 21.26, 0, 180],
		[5, "C3_1", 450, -801.46, "T", "SMD", "GND", "GND", "R", 31.11, 21.26, 0, 90],
		[6, "C3_2", 450, -758.54, "T", "SMD", "RST", "", "R", 31.11, 21.26, 0, 90],
		[7, "C4_1", 205, -801.46, "T", "SMD", "GND", "GND", "R", 31.11, 21.26, 0, 90],
		[8, "C4_2", 205, -758.54, "T", "SMD", "OSC32IN", "", "R", 31.11, 21.26, 0, 90],
		[9, "C5_1", 275, -801.46, "T", "SMD", "GND", "GND", "R", 31.11, 21.26, 0, 90],
		[10, "C5_2", 275, -758.54, "T", "SMD", "OSC32OUT", "", "R", 31.11, 21.26, 0, 90],
		[11, "C6_1", 215, -226.46, "T", "SMD", "GND", "GND", "R", 31.11, 21.26, 0, 90],
		[12, "C6_2", 215, -183.54, "T", "SMD", "3V3", "", "R", 31.11, 21.26, 0, 90],
		[13, "CN1_1", 665, -1165, "T", "DIP", "RST", "", "R", 60, 60, 41.34, 90],
		[14, "CN1_1", 665, -1165, "B", "DIP", "RST", "", "R", 60, 60, 41.34, 90],
		[15, "CN1_2", 665, -1065, "T", "DIP", "PA0", "", "C", 60, 60, 41.34, 90],
		[16, "CN1_2", 665, -1065, "B", "DIP", "PA0", "", "C", 60, 60, 41.34, 90],
		[17, "CN1_3", 665, -965, "T", "DIP", "PA1", "", "C", 60, 60, 41.34, 90],
		[18, "CN1_3", 665, -965, "B", "DIP", "PA1", "", "C", 60, 60, 41.34, 90],
		[19, "CN1_4", 665, -865, "T", "DIP", "PA2", "", "C", 60, 60, 41.34, 90],
		[20, "CN1_4", 665, -865, "B", "DIP", "PA2", "", "C", 60, 60, 41.34, 90],
		[21, "CN1_5", 665, -765, "T", "DIP", "PA3", "", "C", 60, 60, 41.34, 90],
		[22, "CN1_5", 665, -765, "B", "DIP", "PA3", "", "C", 60, 60, 41.34, 90],
		[23, "CN1_6", 665, -665, "T", "DIP", "PA4", "", "C", 60, 60, 41.34, 90],
		[24, "CN1_6", 665, -665, "B", "DIP", "PA4", "", "C", 60, 60, 41.34, 90],
		[25, "CN1_7", 665, -565, "T", "DIP", "PA5", "", "C", 60, 60, 41.34, 90],
		[26, "CN1_7", 665, -565, "B", "DIP", "PA5", "", "C", 60, 60, 41.34, 90],
		[27, "CN1_8", 665, -465, "T", "DIP", "PA6", "", "C", 60, 60, 41.34, 90],
		[28, "CN1_8", 665, -465, "B", "DIP", "PA6", "", "C", 60, 60, 41.34, 90],
		[29, "CN1_9", 665, -365, "T", "DIP", "PA7", "", "C", 60, 60, 41.34, 90],
		[30, "CN1_9", 665, -365, "B", "DIP", "PA7", "", "C", 60, 60, 41.34, 90],
		[31, "CN1_10", 665, -265, "T", "DIP", "PB0", "", "C", 60, 60, 41.34, 90],
		[32, "CN1_10", 665, -265, "B", "DIP", "PB0", "", "C", 60, 60, 41.34, 90],
		[33, "CN1_11", 665, -165, "T", "DIP", "PB1", "", "C", 60, 60, 41.34, 90],
		[34, "CN1_11", 665, -165, "B", "DIP", "PB1", "", "C", 60, 60, 41.34, 90],
		[35, "CN1_12", 665, -65, "T", "DIP", "GND", "GND", "C", 60, 60, 41.34, 90],
		[36, "CN1_12", 665, -65, "B", "DIP", "GND", "GND", "C", 60, 60, 41.34, 90],
		[37, "CN2_1", 65, -1165, "T", "DIP", "PB8", "", "R", 60, 60, 41.34, 90],
		[38, "CN2_1", 65, -1165, "B", "DIP", "PB8", "", "R", 60, 60, 41.34, 90],
		[39, "CN2_2", 65, -1065, "T", "DIP", "PB7", "", "C", 60, 60, 41.34, 90],
		[40, "CN2_2", 65, -1065, "B", "DIP", "PB7", "", "C", 60, 60, 41.34, 90],
		[41, "CN2_3", 65, -965, "T", "DIP", "PB6", "", "C", 60, 60, 41.34, 90],
		[42, "CN2_3", 65, -965, "B", "DIP", "PB6", "", "C", 60, 60, 41.34, 90],
		[43, "CN2_4", 65, -865, "T", "DIP", "PB5", "", "C", 60, 60, 41.34, 90],
		[44, "CN2_4", 65, -865, "B", "DIP", "PB5", "", "C", 60, 60, 41.34, 90],
		[45, "CN2_5", 65, -765, "T", "DIP", "PB4", "", "C", 60, 60, 41.34, 90],
		[46, "CN2_5", 65, -765, "B", "DIP", "PB4", "", "C", 60, 60, 41.34, 90],
		[47, "CN2_6", 65, -665, "T", "DIP", "PB3", "", "C", 60, 60, 41.34, 90],
		[48, "CN2_6", 65, -665, "B", "DIP", "PB3", "", "C", 60, 60, 41.34, 90],
		[49, "CN2_7", 65, -565, "T", "DIP", "PA15", "", "C", 60, 60, 41.34, 90],
		[50, "CN2_7", 65, -565, "B", "DIP", "PA15", "", "C", 60, 60, 41.34, 90],
		[51, "CN2_8", 65, -465, "T", "DIP", "PA12/10", "", "C", 60, 60, 41.34, 90],
		[52, "CN2_8", 65, -465, "B", "DIP", "PA12/10", "", "C", 60, 60, 41.34, 90],
		[53, "CN2_9", 65, -365, "T", "DIP", "PA11/9", "", "C", 60, 60, 41.34, 90],
		[54, "CN2_9", 65, -365, "B", "DIP", "PA11/9", "", "C", 60, 60, 41.34, 90],
		[55, "CN2_10", 65, -265, "T", "DIP", "PC6", "", "C", 60, 60, 41.34, 90],
		[56, "CN2_10", 65, -265, "B", "DIP", "PC6", "", "C", 60, 60, 41.34, 90],
		[57, "CN2_11", 65, -165, "T", "DIP", "PA8", "", "C", 60, 60, 41.34, 90],
		[58, "CN2_11", 65, -165, "B", "DIP", "PA8", "", "C", 60, 60, 41.34, 90],
		[59, "CN2_12", 65, -65, "T", "DIP", "3V3", "", "C", 60, 60, 41.34, 90],
		[60, "CN2_12", 65, -65, "B", "DIP", "3V3", "", "C", 60, 60, 41.34, 90],
		[61, "H1_1", 215, -65, "T", "DIP", "3V3", "", "R", 66.93, 66.93, 43.31, 0],
		[62, "H1_1", 215, -65, "B", "DIP", "3V3", "", "R", 66.93, 66.93, 43.31, 0],
		[63, "H1_2", 315, -65, "T", "DIP", "SWCLK", "", "C", 66.93, 66.93, 43.31, 0],
		[64, "H1_2", 315, -65, "B", "DIP", "SWCLK", "", "C", 66.93, 66.93, 43.31, 0],
		[65, "H1_3", 415, -65, "T", "DIP", "SWDIO", "", "C", 66.93, 66.93, 43.31, 0],
		[66, "H1_3", 415, -65, "B", "DIP", "SWDIO", "", "C", 66.93, 66.93, 43.31, 0],
		[67, "H1_4", 515, -65, "T", "DIP", "GND", "GND", "C", 66.93, 66.93, 43.31, 0],
		[68, "H1_4", 515, -65, "B", "DIP", "GND", "GND", "C", 66.93, 66.93, 43.31, 0],
		[69, "H2_1", 215, -1165, "T", "DIP", "3V3", "", "R", 66.93, 66.93, 43.31, 0],
		[70, "H2_1", 215, -1165, "B", "DIP", "3V3", "", "R", 66.93, 66.93, 43.31, 0],
		[71, "H2_2", 315, -1165, "T", "DIP", "PB7", "", "C", 66.93, 66.93, 43.31, 0],
		[72, "H2_2", 315, -1165, "B", "DIP", "PB7", "", "C", 66.93, 66.93, 43.31, 0],
		[73, "H2_3", 415, -1165, "T", "DIP", "PB6", "", "C", 66.93, 66.93, 43.31, 0],
		[74, "H2_3", 415, -1165, "B", "DIP", "PB6", "", "C", 66.93, 66.93, 43.31, 0],
		[75, "H2_4", 515, -1165, "T", "DIP", "GND", "GND", "C", 66.93, 66.93, 43.31, 0],
		[76, "H2_4", 515, -1165, "B", "DIP", "GND", "GND", "C", 66.93, 66.93, 43.31, 0],
		[77, "R1_1", 387.04, -760, "T", "SMD", "RST", "", "R", 22.27, 21.26, 0, 180],
		[78, "R1_2", 352.96, -760, "T", "SMD", "3V3", "", "R", 22.27, 21.26, 0, 180],
		[79, "SW1_1", 251.89, -882.17, "T", "SMD", "RST", "", "R", 39.37, 29.53, 0, 0],
		[80, "SW1_2", 488.11, -882.17, "T", "SMD", "RST", "", "R", 39.37, 29.53, 0, 0],
		[81, "SW1_3", 251.89, -1027.83, "T", "SMD", "GND", "GND", "R", 39.37, 29.53, 0, 0],
		[82, "SW1_4", 488.11, -1027.83, "T", "SMD", "GND", "GND", "R", 39.37, 29.53, 0, 0],
		[83, "U1_1", 305.95, -528.82, "T", "SMD", "OSC32IN", "", "P", 11.81, 26.58, 0, 0],
		[84, "U1_2", 325.63, -530.79, "T", "SMD", "OSC32OUT", "", "R", 11.81, 27.56, 0, 0],
		[85, "U1_3", 345.32, -530.79, "T", "SMD", "3V3", "", "R", 11.81, 27.56, 0, 0],
		[86, "U1_4", 365, -530.79, "T", "SMD", "GND", "GND", "R", 11.81, 27.56, 0, 0],
		[87, "U1_5", 384.69, -530.79, "T", "SMD", "RST", "", "R", 11.81, 27.56, 0, 0],
		[88, "U1_6", 404.37, -530.79, "T", "SMD", "PA0", "", "R", 11.81, 27.56, 0, 0],
		[89, "U1_7", 424.06, -528.82, "T", "SMD", "PA1", "", "P", 11.81, 26.57, 0, 0],
		[90, "U1_8", 438.82, -514.06, "T", "SMD", "PA2", "", "P", 26.58, 11.81, 0, 0],
		[91, "U1_9", 440.79, -494.37, "T", "SMD", "PA3", "", "R", 27.56, 11.81, 0, 0],
		[92, "U1_10", 440.79, -474.69, "T", "SMD", "PA4", "", "R", 27.56, 11.81, 0, 0],
		[93, "U1_11", 440.79, -455, "T", "SMD", "PA5", "", "R", 27.56, 11.81, 0, 0],
		[94, "U1_12", 440.79, -435.32, "T", "SMD", "PA6", "", "R", 27.56, 11.81, 0, 0],
		[95, "U1_13", 440.79, -415.63, "T", "SMD", "PA7", "", "R", 27.56, 11.81, 0, 0],
		[96, "U1_14", 438.82, -395.95, "T", "SMD", "PB0", "", "P", 26.57, 11.81, 0, 0],
		[97, "U1_15", 424.06, -381.18, "T", "SMD", "PB1", "", "P", 11.81, 26.58, 0, 0],
		[98, "U1_16", 404.37, -379.21, "T", "SMD", "PA8", "", "R", 11.81, 27.56, 0, 0],
		[99, "U1_17", 384.69, -379.21, "T", "SMD", "PC6", "", "R", 11.81, 27.56, 0, 0],
		[100, "U1_18", 365, -379.21, "T", "SMD", "PA11/9", "", "R", 11.81, 27.56, 0, 0],
		[101, "U1_19", 345.32, -379.21, "T", "SMD", "PA12/10", "", "R", 11.81, 27.56, 0, 0],
		[102, "U1_20", 325.63, -379.21, "T", "SMD", "SWDIO", "", "R", 11.81, 27.56, 0, 0],
		[103, "U1_21", 305.95, -381.18, "T", "SMD", "SWCLK", "", "P", 11.81, 26.57, 0, 0],
		[104, "U1_22", 291.18, -395.95, "T", "SMD", "PA15", "", "P", 26.58, 11.81, 0, 0],
		[105, "U1_23", 289.21, -415.63, "T", "SMD", "PB3", "", "P", 27.56, 11.81, 0, 0],
		[106, "U1_24", 289.21, -435.32, "T", "SMD", "PB4", "", "R", 27.56, 11.81, 0, 0],
		[107, "U1_25", 289.21, -455, "T", "SMD", "PB5", "", "R", 27.56, 11.81, 0, 0],
		[108, "U1_26", 289.21, -474.69, "T", "SMD", "PB6", "", "R", 27.56, 11.81, 0, 0],
		[109, "U1_27", 289.21, -494.37, "T", "SMD", "PB7", "", "R", 27.56, 11.81, 0, 0],
		[110, "U1_28", 291.18, -514.06, "T", "SMD", "PB8", "", "P", 26.57, 11.81, 0, 0],
		[111, "X1_1", 206.54, -680, "T", "SMD", "OSC32IN", "", "R", 35.43, 51.18, 0, 0],
		[112, "X1_2", 273.46, -680, "T", "SMD", "OSC32OUT", "", "R", 35.43, 51.18, 0, 0]
	]
}
}